Total Employees,Total Gross Salary,Total Net Salary,Total Tax
100,6972313.0,5823996.499999998,852601.4999999999
